{"age": [9.5, 69.5], "duration": [0, 644.5], "campaign": [1, 6.0], "pdays": [999.0, 999.0], "previous": [0.0, 0.0], "emp.var.rate": [-3.4, 6.200000000000001], "cons.price.idx": [91.69650000000001, 95.3725], "cons.conf.idx": [-50.8, -26.949999999999992], "euribor3m": [0.634, 10.3865], "day_of_week_n": [0, 6.0], "month_n": [0, 7.5], "job_n": [0, 7.0], "marital_n": [0, 2.5], "education_n": [0, 13.5], "default_n": [0.0, 0.0], "housing_n": [0, 2.5], "loan_n": [0.0, 0.0], "contact_n": [0, 2.5], "poutcome_n": [0.0, 0.0]}